Nombre,Precio
huevos revueltos,26897
huevos revueltos,38644
longaniza,35549
chicharron,16806
chicharron,28942
longaniza,25450
papas,20320
huevos revueltos,33035
huevos revueltos,34651
huevos revueltos,20909
longaniza,30914
huevos revueltos,27922
papas,28492
chicharron,32807
huevos revueltos,36715
chicharron,21955
huevos revueltos,18515
longaniza,20559
longaniza,35595
chicharron,31050
longaniza,29774
longaniza,26140
chicharron,28399
longaniza,33223
papas,33224
longaniza,31934
chicharron,18105
papas,21683
huevos revueltos,33772
papas,27480
papas,19564
chicharron,29007
longaniza,26481
huevos revueltos,31179
chicharron,27783
chicharron,29178
chicharron,34199
chicharron,29650
longaniza,30063
longaniza,15917
huevos revueltos,17380
huevos revueltos,35845
huevos revueltos,23890
longaniza,19477
papas,29312
huevos revueltos,21515
papas,27956
huevos revueltos,27788
chicharron,28682
longaniza,21789
huevos revueltos,30687
chicharron,38770
chicharron,19909
chicharron,22018
huevos revueltos,37678
longaniza,24192
huevos revueltos,28374
papas,38817
huevos revueltos,31057
chicharron,23792
chicharron,37950
longaniza,18041
chicharron,34594
longaniza,30631
huevos revueltos,28745
papas,35413
longaniza,27479
longaniza,36230
longaniza,30894
papas,30280
longaniza,15219
longaniza,15114
chicharron,23437
longaniza,16505
papas,33119
papas,34239
chicharron,24845
chicharron,33822
chicharron,17360
longaniza,37144
huevos revueltos,20097
longaniza,26590
papas,39446
longaniza,33328
longaniza,25551
huevos revueltos,16249
huevos revueltos,38029
papas,17419
chicharron,30050
longaniza,31905
longaniza,17885
chicharron,16828
huevos revueltos,27247
chicharron,29339
papas,39597
huevos revueltos,36047
chicharron,20582
longaniza,35825
chicharron,35598
chicharron,20591
chicharron,20727
huevos revueltos,18883
chicharron,17340
chicharron,20843
papas,28774
longaniza,18292
papas,36892
papas,21416
longaniza,36243
chicharron,37508
chicharron,34490
longaniza,32428
longaniza,25069
papas,36938
papas,17402
huevos revueltos,23664
papas,25846
longaniza,17097
huevos revueltos,19719
longaniza,28576
longaniza,31693
papas,25639
longaniza,22336
chicharron,31843
huevos revueltos,27259
huevos revueltos,31754
huevos revueltos,19204
longaniza,24225
papas,29875
huevos revueltos,27117
papas,24794
papas,31793
papas,29877
longaniza,34112
papas,16808
chicharron,25657
papas,25337
chicharron,34583
huevos revueltos,28701
papas,22989
huevos revueltos,25092
papas,21211
huevos revueltos,36286
longaniza,37607
papas,24664
papas,26780
huevos revueltos,33270
longaniza,18053
huevos revueltos,20856
papas,35109
papas,26770
longaniza,34849
chicharron,38016
longaniza,16570
huevos revueltos,32783
chicharron,18027
papas,32314
papas,16898
papas,28799
huevos revueltos,29110
longaniza,19958
longaniza,33601
huevos revueltos,22710
longaniza,37709
longaniza,25104
huevos revueltos,38386
chicharron,31242
papas,16335
huevos revueltos,16967
huevos revueltos,27940
longaniza,22523
longaniza,20172
papas,28460
longaniza,31839
papas,25174
papas,23267
chicharron,20311
chicharron,28921
chicharron,37878
chicharron,27301
papas,39370
chicharron,33723
papas,30537
huevos revueltos,31102
huevos revueltos,30522
papas,36957
longaniza,32918
papas,38814
huevos revueltos,18040
huevos revueltos,24313
chicharron,19060
papas,36812
longaniza,36252
chicharron,38760
papas,36317
longaniza,23082
papas,35364
longaniza,24879
longaniza,33635
papas,21336
chicharron,36948
chicharron,36936
longaniza,21887
longaniza,39323
chicharron,24600
huevos revueltos,30123
huevos revueltos,39135
huevos revueltos,34825
chicharron,34167
papas,31198
huevos revueltos,28221
chicharron,30093
chicharron,38200
huevos revueltos,29860
huevos revueltos,20862
huevos revueltos,24991
longaniza,26112
chicharron,31405
longaniza,25946
longaniza,22889
papas,36088
longaniza,31161
longaniza,35140
chicharron,27174
chicharron,21135
papas,18277
chicharron,33252
chicharron,24747
longaniza,24398
chicharron,26265
huevos revueltos,31567
chicharron,19847
chicharron,33702
chicharron,31780
longaniza,36456
longaniza,22791
longaniza,19376
longaniza,30582
papas,15532
chicharron,26173
longaniza,31833
huevos revueltos,24338
huevos revueltos,24228
chicharron,31230
chicharron,30332
papas,22942
huevos revueltos,36659
longaniza,15540
longaniza,30296
chicharron,22871
chicharron,20921
chicharron,30555
huevos revueltos,16800
papas,28903
longaniza,31647
papas,19933
huevos revueltos,25635
papas,33915
longaniza,26229
chicharron,23971
longaniza,25441
longaniza,20591
longaniza,16262
huevos revueltos,30242
huevos revueltos,33081
papas,20993
huevos revueltos,29948
longaniza,35310
huevos revueltos,25895
huevos revueltos,38576
papas,39598
huevos revueltos,20351
longaniza,28747
huevos revueltos,15918
chicharron,27025
longaniza,30322
huevos revueltos,33232
chicharron,16234
papas,32098
papas,31638
longaniza,33435
huevos revueltos,39149
papas,37219
longaniza,17223
chicharron,31509
huevos revueltos,26613
papas,32640
papas,23655
longaniza,30237
huevos revueltos,16805
papas,19266
papas,15806
papas,39989
chicharron,38443
longaniza,19979
papas,32703
papas,29178
huevos revueltos,18129
huevos revueltos,38298
papas,39553
longaniza,21408
huevos revueltos,29029
longaniza,38420
huevos revueltos,29836
chicharron,26901
papas,35614
papas,26011
longaniza,23102
chicharron,39268
chicharron,15192
papas,34902
huevos revueltos,29923
papas,35251
longaniza,26771
chicharron,31848
huevos revueltos,15126
longaniza,15724
longaniza,26932
papas,33522
chicharron,28863
chicharron,36186
papas,37975
papas,34049
huevos revueltos,23879
papas,34602
chicharron,23680
chicharron,36665
longaniza,22478
chicharron,39388
chicharron,22035
huevos revueltos,24727
chicharron,35007
papas,26828
longaniza,25998
longaniza,35339
papas,17927
longaniza,21020
papas,15410
longaniza,33755
huevos revueltos,37395
papas,15109
huevos revueltos,37995
huevos revueltos,19041
huevos revueltos,19014
papas,18582
papas,17414
huevos revueltos,18649
longaniza,15984
huevos revueltos,26995
huevos revueltos,34326
huevos revueltos,31870
huevos revueltos,16433
chicharron,32325
papas,24121
chicharron,30603
longaniza,23642
chicharron,31140
longaniza,19867
longaniza,17338
papas,24711
huevos revueltos,15652
longaniza,30263
huevos revueltos,33450
papas,20155
chicharron,28913
papas,29458
huevos revueltos,38724
longaniza,19087
longaniza,22263
huevos revueltos,15937
longaniza,18034
papas,39769
huevos revueltos,34130
huevos revueltos,33964
huevos revueltos,37474
chicharron,38374
chicharron,31111
papas,36088
longaniza,35339
huevos revueltos,21989
chicharron,19793
longaniza,38293
chicharron,27674
chicharron,15137
chicharron,17349
huevos revueltos,29341
huevos revueltos,27075
longaniza,22720
chicharron,26781
papas,25898
longaniza,31383
papas,21736
papas,21102
papas,16640
chicharron,30603
longaniza,31198
longaniza,22193
longaniza,29795
longaniza,38688
huevos revueltos,27565
huevos revueltos,30571
chicharron,37145
papas,34677
huevos revueltos,21463
longaniza,19266
papas,21666
chicharron,32635
papas,17781
papas,35330
papas,15123
longaniza,15412
longaniza,27816
chicharron,31934
papas,36192
papas,31593
papas,27431
papas,32395
longaniza,33691
papas,32179
papas,36561
huevos revueltos,15432
longaniza,32927
chicharron,29783
longaniza,16580
longaniza,18378
papas,18194
longaniza,35910
huevos revueltos,20458
longaniza,18821
papas,31077
chicharron,27616
longaniza,16307
chicharron,32394
huevos revueltos,15648
papas,39103
longaniza,26104
chicharron,17258
chicharron,20173
huevos revueltos,21887
longaniza,19691
huevos revueltos,28652
papas,24715
longaniza,39243
chicharron,37299
chicharron,38861
chicharron,16516
papas,16810
papas,32669
chicharron,21073
chicharron,21165
huevos revueltos,33507
chicharron,16701
chicharron,31165
papas,35890
papas,39649
chicharron,21186
huevos revueltos,24573
chicharron,30139
chicharron,27875
chicharron,16717
chicharron,32013
huevos revueltos,26356
huevos revueltos,29452
longaniza,28990
huevos revueltos,28316
huevos revueltos,18897
huevos revueltos,22600
chicharron,21672
huevos revueltos,32286
huevos revueltos,34529
huevos revueltos,25031
longaniza,39183
chicharron,31490
chicharron,31795
chicharron,24678
huevos revueltos,15226
chicharron,18138
longaniza,30273
huevos revueltos,25187
chicharron,27821
huevos revueltos,28712
chicharron,15333
papas,36404
chicharron,16735
chicharron,22758
huevos revueltos,32490
longaniza,23855
chicharron,21296
huevos revueltos,37206
longaniza,30979
chicharron,37380
chicharron,23778
papas,37463
huevos revueltos,35978
huevos revueltos,28670
huevos revueltos,39999
huevos revueltos,26936
longaniza,35947
chicharron,36253
chicharron,38302
papas,26445
huevos revueltos,33478
longaniza,22447
chicharron,22100
chicharron,33169
chicharron,36036
chicharron,37908
huevos revueltos,34568
chicharron,19876
chicharron,16014
papas,18377
papas,33193
chicharron,26806
longaniza,19797
chicharron,18572
huevos revueltos,36373
chicharron,32217
chicharron,25057
papas,23895
longaniza,34516
papas,34582
longaniza,24796
chicharron,17407
chicharron,29764
chicharron,39046
longaniza,28337
chicharron,29869
papas,33922
huevos revueltos,36770
papas,22153
chicharron,30387
longaniza,22072
chicharron,16084
longaniza,24510
chicharron,38083
huevos revueltos,34716
papas,23722
huevos revueltos,21970
chicharron,22108
papas,26333
papas,38518
huevos revueltos,24166
chicharron,28446
chicharron,26527
papas,30595
papas,30275
huevos revueltos,35767
huevos revueltos,25607
papas,22413
huevos revueltos,20554
chicharron,39047
chicharron,29976
chicharron,28954
longaniza,21843
papas,38901
huevos revueltos,27943
chicharron,24816
huevos revueltos,19134
papas,25474
huevos revueltos,20385
longaniza,23760
chicharron,27331
longaniza,33425
longaniza,26681
papas,37344
longaniza,29854
chicharron,22992
chicharron,35437
papas,18549
longaniza,33241
papas,17601
longaniza,33457
huevos revueltos,16514
longaniza,19390
longaniza,29574
huevos revueltos,38509
huevos revueltos,37472
longaniza,36917
huevos revueltos,23901
chicharron,22275
huevos revueltos,34545
papas,24891
longaniza,18675
chicharron,26754
chicharron,30429
chicharron,35365
papas,16309
chicharron,34941
chicharron,20247
longaniza,38251
chicharron,30346
papas,25143
papas,27884
huevos revueltos,29240
longaniza,22890
huevos revueltos,22759
chicharron,23198
papas,28435
longaniza,38023
longaniza,23123
papas,24732
huevos revueltos,29090
huevos revueltos,18257
chicharron,22711
chicharron,38727
longaniza,30469
huevos revueltos,18918
huevos revueltos,32585
chicharron,37055
longaniza,34539
longaniza,39761
longaniza,27174
papas,19085
huevos revueltos,16182
huevos revueltos,39369
longaniza,26340
longaniza,31131
chicharron,15047
papas,19769
huevos revueltos,25615
chicharron,27677
chicharron,17195
huevos revueltos,27453
chicharron,38403
longaniza,35459
longaniza,25322
huevos revueltos,32981
huevos revueltos,28795
longaniza,28353
papas,25240
papas,38775
papas,32432
huevos revueltos,35465
chicharron,16539
huevos revueltos,16787
papas,36051
huevos revueltos,17596
huevos revueltos,17235
chicharron,23378
longaniza,20850
huevos revueltos,22214
longaniza,34666
longaniza,25396
longaniza,17246
longaniza,27498
papas,36988
huevos revueltos,39403
papas,39996
chicharron,39825
papas,30797
papas,30111
papas,24010
huevos revueltos,26115
papas,21547
chicharron,23125
papas,25330
longaniza,39072
huevos revueltos,15757
longaniza,17191
huevos revueltos,30909
chicharron,18566
chicharron,29798
longaniza,23813
chicharron,22026
chicharron,39091
huevos revueltos,30339
chicharron,34094
chicharron,36720
chicharron,19810
papas,36881
huevos revueltos,33674
huevos revueltos,30451
longaniza,20717
longaniza,37776
chicharron,18963
chicharron,38392
longaniza,15991
huevos revueltos,29526
papas,39530
longaniza,20139
huevos revueltos,26200
longaniza,16009
papas,36517
longaniza,21143
huevos revueltos,36561
papas,18891
papas,20594
longaniza,25771
longaniza,20640
chicharron,37369
huevos revueltos,39657
longaniza,15572
papas,24499
huevos revueltos,30824
longaniza,32733
huevos revueltos,28636
chicharron,27881
chicharron,16179
longaniza,32810
papas,28177
chicharron,36293
longaniza,27064
papas,24138
papas,21881
longaniza,34611
chicharron,15028
huevos revueltos,33360
huevos revueltos,20232
chicharron,31551
huevos revueltos,25760
huevos revueltos,36910
chicharron,38647
chicharron,17298
huevos revueltos,39161
longaniza,32750
longaniza,32621
chicharron,17551
chicharron,33106
longaniza,27209
papas,21225
huevos revueltos,19987
huevos revueltos,26338
chicharron,21173
papas,20648
chicharron,29352
papas,24425
longaniza,29857
chicharron,21496
longaniza,19954
huevos revueltos,26851
huevos revueltos,23405
chicharron,19980
huevos revueltos,38010
longaniza,22695
longaniza,33810
chicharron,33171
longaniza,35516
papas,30183
huevos revueltos,19310
huevos revueltos,36183
huevos revueltos,32416
papas,33786
chicharron,32044
papas,20071
huevos revueltos,22663
papas,29501
longaniza,24285
huevos revueltos,16980
chicharron,16926
papas,26873
longaniza,17499
chicharron,28220
longaniza,37646
chicharron,33924
papas,38131
papas,22125
papas,32226
huevos revueltos,17418
papas,18142
papas,37445
papas,38319
papas,21853
papas,31294
huevos revueltos,29276
longaniza,36582
huevos revueltos,33225
papas,32520
chicharron,27756
chicharron,29753
chicharron,36730
chicharron,36072
papas,28960
chicharron,19921
huevos revueltos,34757
huevos revueltos,30963
papas,34976
papas,32460
chicharron,23133
papas,39725
chicharron,19570
papas,19434
papas,28856
chicharron,21260
huevos revueltos,20768
huevos revueltos,25276
longaniza,37076
papas,38237
huevos revueltos,16886
longaniza,32459
papas,33476
papas,34355
chicharron,31489
longaniza,17437
longaniza,21983
huevos revueltos,31021
chicharron,39199
huevos revueltos,18311
huevos revueltos,18569
longaniza,22973
longaniza,28852
huevos revueltos,16700
longaniza,22154
huevos revueltos,28808
papas,35608
huevos revueltos,15144
papas,24672
longaniza,21571
papas,26006
papas,15870
huevos revueltos,27313
chicharron,37247
papas,28150
chicharron,35852
chicharron,15406
papas,27361
huevos revueltos,32891
huevos revueltos,29232
chicharron,27029
huevos revueltos,39480
chicharron,22038
papas,26647
huevos revueltos,38639
huevos revueltos,24441
huevos revueltos,25660
longaniza,37147
longaniza,18318
chicharron,15743
huevos revueltos,20499
chicharron,38985
chicharron,30907
longaniza,37908
chicharron,29880
papas,27033
longaniza,25978
chicharron,36189
chicharron,28740
papas,23916
papas,16144
longaniza,33757
longaniza,34841
longaniza,30378
chicharron,24968
huevos revueltos,28512
chicharron,15858
papas,28206
longaniza,28371
papas,38654
chicharron,38506
longaniza,27324
papas,39631
huevos revueltos,32993
longaniza,38291
papas,38650
papas,23182
chicharron,31213
longaniza,16368
chicharron,19794
longaniza,24811
huevos revueltos,28259
longaniza,28427
chicharron,28016
longaniza,15448
longaniza,21433
huevos revueltos,39923
longaniza,29506
chicharron,27255
papas,18043
papas,21105
chicharron,31202
papas,38329
chicharron,27939
chicharron,39489
papas,31410
papas,27719
longaniza,21717
huevos revueltos,27103
papas,24923
papas,38625
chicharron,23794
chicharron,29603
longaniza,32942
longaniza,17192
papas,38744
longaniza,31875
longaniza,29731
huevos revueltos,33687
papas,15573
papas,28402
longaniza,34828
huevos revueltos,36803
chicharron,34352
huevos revueltos,22727
papas,20186
chicharron,32512
huevos revueltos,26582
chicharron,30779
longaniza,22637
longaniza,22728
huevos revueltos,19574
papas,19512
papas,29567
huevos revueltos,23314
chicharron,15584
chicharron,29585
longaniza,34828
huevos revueltos,32246
papas,28311
papas,38171
papas,22949
longaniza,31751
longaniza,38489
chicharron,17851
huevos revueltos,16086
chicharron,26106
chicharron,39084
longaniza,19381
papas,33414
chicharron,31590
papas,37343
longaniza,24618
papas,28235
chicharron,35856
chicharron,25800
longaniza,29541
huevos revueltos,34122
longaniza,18625
huevos revueltos,24232
huevos revueltos,15060
chicharron,33276
papas,19077
chicharron,15231
papas,30667
longaniza,38817
huevos revueltos,35570
papas,18197
chicharron,33183
huevos revueltos,22231
papas,32184
huevos revueltos,32441
papas,30888
papas,28108
longaniza,22245
chicharron,26290
papas,18729
longaniza,29497
chicharron,30919
longaniza,32489
papas,35097
papas,29363
chicharron,35404
longaniza,22111
longaniza,30001
huevos revueltos,19487
papas,37586
longaniza,32930
huevos revueltos,31686
huevos revueltos,27905
longaniza,39465
longaniza,36176
longaniza,27253
huevos revueltos,18521
papas,39551
longaniza,35807
longaniza,17933
longaniza,25490
papas,15323
chicharron,27100
huevos revueltos,16321
chicharron,35404
papas,27941
huevos revueltos,38527
huevos revueltos,18892
longaniza,33170
papas,29751
longaniza,29770
chicharron,18319
huevos revueltos,35782
longaniza,34558
chicharron,21788
chicharron,24063
papas,26427
papas,16698
chicharron,38964
chicharron,16974
longaniza,33523
papas,23895
huevos revueltos,15313
longaniza,35630
huevos revueltos,33837
longaniza,32952
longaniza,29604
papas,34051
longaniza,24201
chicharron,35414
huevos revueltos,16667
huevos revueltos,32209
chicharron,28438
longaniza,30997
papas,30154
longaniza,15106
papas,24162
chicharron,20124
papas,38645
chicharron,20568
huevos revueltos,31326
papas,17921
longaniza,39786
chicharron,30012
huevos revueltos,23419
huevos revueltos,37143
huevos revueltos,15845
papas,25970
chicharron,22332
huevos revueltos,17802
longaniza,22095
longaniza,32145
longaniza,36235
longaniza,26951
papas,19574
chicharron,29023
longaniza,24879
chicharron,15117
chicharron,36970
longaniza,17453
chicharron,23711
longaniza,26821
huevos revueltos,31328
huevos revueltos,27505
chicharron,25312
chicharron,38766
chicharron,37400
longaniza,34149
chicharron,29523
huevos revueltos,38533
huevos revueltos,17508
papas,16716
longaniza,28528
longaniza,31988
chicharron,21319
longaniza,35477
huevos revueltos,19831
chicharron,38987
huevos revueltos,15953
papas,15331
chicharron,33172
huevos revueltos,31739
papas,34413
longaniza,32216
papas,24270
huevos revueltos,27538
chicharron,24695
papas,18668
papas,31280
papas,18818
chicharron,24466
chicharron,35858
papas,24811
papas,17611
huevos revueltos,34639
chicharron,18119
longaniza,25353
huevos revueltos,29024
huevos revueltos,17945
papas,15650
longaniza,17923
papas,31165
huevos revueltos,39222
huevos revueltos,31958
huevos revueltos,17246
huevos revueltos,37582
papas,18724
chicharron,30770
chicharron,34195
huevos revueltos,31559
longaniza,39630
longaniza,25813
chicharron,35829
chicharron,33399
papas,15264
chicharron,31075
huevos revueltos,24768
chicharron,28602
papas,31446
huevos revueltos,16855
huevos revueltos,30425
longaniza,21293
huevos revueltos,23947
papas,16461
papas,22703
longaniza,21196
huevos revueltos,31067
longaniza,33134
longaniza,39035
longaniza,16887
longaniza,28404
huevos revueltos,39663
chicharron,35117
chicharron,38221
chicharron,28290
longaniza,27904
papas,22991
papas,18040
papas,32335
chicharron,28087
longaniza,29254
huevos revueltos,35570
longaniza,25653
papas,33060
chicharron,27351
papas,39477
papas,28274
papas,36762
huevos revueltos,31884
longaniza,25296
chicharron,23825
huevos revueltos,30974
longaniza,24519
chicharron,29077
huevos revueltos,23185
huevos revueltos,21757
longaniza,33860
huevos revueltos,29046
huevos revueltos,34974
longaniza,23573
longaniza,16342
papas,28765
longaniza,27032
huevos revueltos,30594
chicharron,26666
papas,38108
papas,39088
longaniza,21362
chicharron,26832
huevos revueltos,16142
papas,23774
huevos revueltos,30739
longaniza,30526
huevos revueltos,36930
papas,28975
huevos revueltos,24060
papas,25488
longaniza,18871
papas,27321
chicharron,36836
huevos revueltos,29665
papas,38303
chicharron,32007
papas,21825
longaniza,23357
longaniza,38921
chicharron,36209
chicharron,33452
chicharron,34311
chicharron,33206
chicharron,25979
longaniza,25251
huevos revueltos,30565
papas,24024
longaniza,23942
chicharron,24801
papas,26472
papas,37777
chicharron,38856
papas,36140
huevos revueltos,35057
huevos revueltos,20166
papas,19081
chicharron,30574
chicharron,22518
chicharron,25403
chicharron,17131
papas,26606
longaniza,24027
huevos revueltos,38992
chicharron,30695
longaniza,21237
longaniza,24271
huevos revueltos,34401
longaniza,20270
huevos revueltos,33279
huevos revueltos,29501
huevos revueltos,25620
longaniza,35781
huevos revueltos,21425
chicharron,34978
papas,38311
longaniza,24438
chicharron,15314
longaniza,38669
papas,22586
papas,24334
chicharron,19227
huevos revueltos,24978
papas,25204
chicharron,24483
papas,36109
papas,37846
papas,19834
huevos revueltos,15250
papas,21964
huevos revueltos,18295
longaniza,38752
papas,39506
chicharron,25237
longaniza,23411
huevos revueltos,30046
papas,20204
huevos revueltos,28947
huevos revueltos,20738
papas,28102
chicharron,32065
longaniza,39332
papas,16727
chicharron,31514
chicharron,17382
chicharron,21703
huevos revueltos,15383
papas,21131
longaniza,15357
papas,36405
papas,23545
papas,16882
longaniza,28050
huevos revueltos,29708
longaniza,31824
longaniza,18750
chicharron,23116
chicharron,27130
huevos revueltos,37863
huevos revueltos,27031
longaniza,16750
huevos revueltos,29115
huevos revueltos,31723
papas,18802
papas,31294
papas,27418
papas,33511
papas,39569
chicharron,25554
longaniza,27009
papas,22903
longaniza,27710
huevos revueltos,36984
chicharron,27916
papas,21601
papas,23951
longaniza,33423
chicharron,24275
huevos revueltos,31727
papas,25154
longaniza,31133
papas,23648
huevos revueltos,15795
chicharron,26083
longaniza,24277
huevos revueltos,29323
huevos revueltos,21297
huevos revueltos,31346
papas,16764
longaniza,38234
chicharron,20560
chicharron,29699
papas,23435
longaniza,35986
longaniza,22024
longaniza,31006
huevos revueltos,19286
huevos revueltos,21963
huevos revueltos,30057
huevos revueltos,23988
chicharron,27584
chicharron,38568
chicharron,16041
papas,35888
papas,19882
longaniza,31558
huevos revueltos,35305
papas,27381
papas,20655
papas,38552
huevos revueltos,32236
huevos revueltos,29995
papas,35460
chicharron,38770
chicharron,19967
chicharron,20713
papas,36389
huevos revueltos,37191
papas,21543
papas,31932
longaniza,29211
chicharron,28503
longaniza,28923
papas,17171
longaniza,30792
papas,31230
huevos revueltos,16803
huevos revueltos,17042
chicharron,19453
chicharron,32374
longaniza,28318
longaniza,18287
huevos revueltos,16634
chicharron,18922
chicharron,31823
chicharron,23448
huevos revueltos,24875
papas,36364
chicharron,34593
papas,32144
huevos revueltos,16774
papas,38504
huevos revueltos,22115
huevos revueltos,34840
longaniza,31551
papas,28344
chicharron,33078
chicharron,38178
longaniza,32439
chicharron,36259
longaniza,30390
longaniza,35181
chicharron,20970
chicharron,21413
longaniza,37619
longaniza,29264
longaniza,15922
chicharron,15006
papas,16395
longaniza,23607
longaniza,34544
huevos revueltos,29331
papas,20081
papas,37294
huevos revueltos,16540
longaniza,29775
huevos revueltos,20225
huevos revueltos,24831
papas,34641
papas,38992
huevos revueltos,39942
huevos revueltos,32890
chicharron,32257
chicharron,15459
huevos revueltos,34750
papas,20213
longaniza,39977
chicharron,29813
chicharron,17663
papas,33018
papas,32111
chicharron,39322
chicharron,28496
chicharron,24694
chicharron,19497
longaniza,26337
huevos revueltos,28898
papas,34632
longaniza,31584
longaniza,32363
huevos revueltos,29946
huevos revueltos,24910
huevos revueltos,30788
longaniza,24512
huevos revueltos,23697
huevos revueltos,21281
papas,20763
longaniza,23360
chicharron,17942
longaniza,28637
huevos revueltos,25992
chicharron,33578
longaniza,39927
chicharron,28253
huevos revueltos,17891
huevos revueltos,37745
longaniza,23760
chicharron,37960
chicharron,34769
longaniza,35851
huevos revueltos,30173
papas,40000
papas,17348
chicharron,26717
chicharron,24184
chicharron,38962
longaniza,30661
longaniza,39276
longaniza,37358
longaniza,20553
longaniza,27980
huevos revueltos,26604
papas,22348
chicharron,18104
chicharron,18766
longaniza,23984
huevos revueltos,39439
longaniza,17678
huevos revueltos,25042
longaniza,36356
chicharron,25209
papas,22451
papas,38184
chicharron,33190
huevos revueltos,31666
chicharron,32851
papas,28654
longaniza,35379
chicharron,31323
chicharron,39358
huevos revueltos,34933
huevos revueltos,18994
papas,25765
longaniza,18788
chicharron,26437
longaniza,30928
longaniza,15078
huevos revueltos,18653
chicharron,24079
chicharron,38182
longaniza,31442
papas,33111
huevos revueltos,15818
papas,28333
papas,19828
chicharron,35741
chicharron,16259
huevos revueltos,23537
chicharron,22201
huevos revueltos,38760
chicharron,18792
chicharron,36510
longaniza,19328
papas,20257
papas,27597
chicharron,28647
chicharron,32983
longaniza,18563
huevos revueltos,23065
huevos revueltos,29180
longaniza,20190
papas,30503
huevos revueltos,30350
papas,18961
huevos revueltos,34908
chicharron,20599
longaniza,37489
papas,25409
papas,16767
longaniza,24794
longaniza,35067
chicharron,16872
huevos revueltos,30539
huevos revueltos,37154
papas,23942
longaniza,19389
longaniza,30937
longaniza,35134
longaniza,16855
longaniza,35224
chicharron,22986
papas,21618
chicharron,26997
huevos revueltos,18795
chicharron,28822
chicharron,24534
huevos revueltos,39504
papas,38837
papas,31241
papas,16387
chicharron,18300
chicharron,30253
chicharron,21833
chicharron,39960
papas,37487
papas,34038
papas,37036
longaniza,32300
longaniza,18551
huevos revueltos,15567
huevos revueltos,16136
longaniza,29031
papas,28265
papas,23090
longaniza,25472
longaniza,20924
longaniza,18196
longaniza,39833
longaniza,36212
papas,16887
papas,21464
papas,17863
chicharron,33725
huevos revueltos,18162
huevos revueltos,32604
chicharron,38115
papas,37235
chicharron,22378
huevos revueltos,22628
chicharron,15283
huevos revueltos,34505
chicharron,33844
longaniza,37824
huevos revueltos,32205
papas,25919
huevos revueltos,31705
huevos revueltos,37525
papas,38092
longaniza,38474
papas,23858
chicharron,37569
papas,32009
longaniza,31940
chicharron,24493
papas,24816
longaniza,33118
longaniza,30658
papas,17080
chicharron,20684
chicharron,21194
chicharron,39295
huevos revueltos,19722
chicharron,25614
huevos revueltos,28445
longaniza,21549
papas,26386
papas,20866
longaniza,21530
papas,33061
papas,39664
longaniza,21140
longaniza,17971
longaniza,22397
chicharron,24259
longaniza,36338
longaniza,37746
chicharron,18789
longaniza,23937
longaniza,20655
longaniza,15281
huevos revueltos,32066
chicharron,24851
papas,35231
longaniza,26357
longaniza,30570
papas,15458
papas,36880
longaniza,27197
papas,22316
huevos revueltos,18462
papas,34795
longaniza,27562
chicharron,24488
huevos revueltos,16237
longaniza,18276
longaniza,20300
papas,27329
longaniza,33999
huevos revueltos,23494
huevos revueltos,21732
longaniza,37971
papas,38289
papas,38473
longaniza,31078
papas,15448
papas,16010
longaniza,39323
longaniza,17844
papas,34534
papas,24738
chicharron,35686
chicharron,20257
chicharron,34271
longaniza,19189
longaniza,31660
huevos revueltos,34428
chicharron,15715
papas,27426
longaniza,19003
huevos revueltos,23430
chicharron,39294
huevos revueltos,27325
huevos revueltos,38620
papas,19615
chicharron,35221
longaniza,27691
huevos revueltos,23116
chicharron,27665
longaniza,23396
huevos revueltos,19196
longaniza,38285
chicharron,33289
papas,17363
papas,30049
papas,30547
longaniza,35466
huevos revueltos,20375
huevos revueltos,28466
papas,28926
papas,39747
huevos revueltos,33177
papas,23559
huevos revueltos,21200
huevos revueltos,31496
papas,38981
chicharron,29970
papas,20671
papas,28246
papas,29457
huevos revueltos,34111
chicharron,37557
papas,16847
longaniza,37008
longaniza,36020
papas,26391
chicharron,21114
papas,38390
papas,34169
chicharron,22839
longaniza,29476
longaniza,21954
chicharron,24075
huevos revueltos,35245
huevos revueltos,33372
chicharron,21022
papas,26651
longaniza,39032
papas,29106
longaniza,15149
chicharron,20931
papas,28696
huevos revueltos,19174
huevos revueltos,24240
huevos revueltos,39484
chicharron,34206
chicharron,19114
huevos revueltos,23475
chicharron,23097
chicharron,23478
huevos revueltos,19686
chicharron,15377
papas,21337
huevos revueltos,39097
chicharron,37284
longaniza,35063
chicharron,31775
papas,34562
huevos revueltos,16251
papas,19479
chicharron,31526
chicharron,35833
papas,22673
papas,26719
chicharron,30923
huevos revueltos,21846
papas,26949
chicharron,17948
chicharron,31740
huevos revueltos,29185
chicharron,26349
longaniza,32564
huevos revueltos,28640
papas,31278
longaniza,19344
chicharron,20157
chicharron,36149
huevos revueltos,29697
huevos revueltos,27541
huevos revueltos,38056
huevos revueltos,24967
chicharron,20684
papas,26506
huevos revueltos,39258
huevos revueltos,35052
chicharron,30948
huevos revueltos,29047
papas,27889
chicharron,17152
chicharron,28136
longaniza,39780
papas,27526
papas,24435
longaniza,31734
longaniza,34829
chicharron,29619
chicharron,38190
huevos revueltos,36958
chicharron,31089
papas,34644
huevos revueltos,32728
longaniza,38912
papas,27914
longaniza,26710
longaniza,27213
papas,33743
chicharron,16969
huevos revueltos,37872
papas,32997
huevos revueltos,33854
papas,16770
longaniza,36399
papas,24787
huevos revueltos,22649
longaniza,15735
huevos revueltos,16060
chicharron,37820
papas,22013
longaniza,33801
longaniza,38024
papas,21453
papas,17247
huevos revueltos,15888
longaniza,30141
longaniza,18765
papas,37731
longaniza,21635
papas,36591
chicharron,32821
papas,21364
huevos revueltos,39969
chicharron,35366
papas,15041
longaniza,30524
papas,21924
huevos revueltos,24610
huevos revueltos,25516
longaniza,21197
chicharron,33773
chicharron,36529
huevos revueltos,25799
chicharron,15349
huevos revueltos,34233
chicharron,16100
chicharron,16903
papas,31076
papas,30354
chicharron,38551
papas,18659
papas,25261
longaniza,35297
longaniza,33822
chicharron,39518
papas,26961
papas,29059
huevos revueltos,28276
papas,28839
papas,22910
chicharron,34174
huevos revueltos,17111
huevos revueltos,19475
longaniza,32219
longaniza,33505
chicharron,26399
papas,25429
huevos revueltos,31229
longaniza,29779
chicharron,31498
huevos revueltos,31384
papas,34058
papas,27591
papas,30113
huevos revueltos,29189
papas,23789
longaniza,34107
longaniza,26207
longaniza,16941
papas,33639
papas,27837
longaniza,16090
longaniza,39683
papas,26958
papas,18976
papas,30011
huevos revueltos,30335
longaniza,23739
papas,34483
huevos revueltos,27310
longaniza,38040
chicharron,16249
longaniza,32641
chicharron,34483
papas,16456
papas,16561
chicharron,23457
papas,35648
papas,24263
papas,21950
longaniza,22237
papas,30382
chicharron,26808
papas,38500
papas,24934
huevos revueltos,15088
huevos revueltos,21088
papas,32585
papas,25831
longaniza,39332
papas,19519
huevos revueltos,39633
huevos revueltos,17754
papas,18239
huevos revueltos,26719
huevos revueltos,37469
longaniza,39683
huevos revueltos,16322
chicharron,32782
huevos revueltos,38166
chicharron,30285
papas,35792
longaniza,16341
huevos revueltos,19282
chicharron,19371
papas,39803
longaniza,36584
longaniza,33250
papas,16564
longaniza,27356
longaniza,30205
papas,24086
papas,39437
chicharron,31238
chicharron,36704
huevos revueltos,32181
papas,34062
chicharron,29997
papas,34002
longaniza,32491
longaniza,27984
chicharron,23755
papas,31792
papas,17747
huevos revueltos,26292
huevos revueltos,36553
chicharron,21813
longaniza,33395
chicharron,37650
chicharron,29470
papas,39486
papas,15582
huevos revueltos,18084
chicharron,16809
chicharron,35781
papas,27469
papas,35882
huevos revueltos,21625
papas,22059
longaniza,32749
huevos revueltos,28466
huevos revueltos,29265
papas,35525
chicharron,15908
papas,28751
huevos revueltos,29802
huevos revueltos,28980
chicharron,23007
huevos revueltos,25593
huevos revueltos,28559
chicharron,38571
huevos revueltos,39555
chicharron,37545
chicharron,36804
huevos revueltos,31443
huevos revueltos,18095
huevos revueltos,26043
huevos revueltos,25801
huevos revueltos,29917
chicharron,38372
papas,26651
chicharron,27787
huevos revueltos,31429
papas,27711
longaniza,18855
huevos revueltos,23526
huevos revueltos,22401
longaniza,30717
huevos revueltos,29228
papas,26595
chicharron,24546
huevos revueltos,15551
huevos revueltos,21873
chicharron,18235
papas,36409
huevos revueltos,36367
chicharron,26772
longaniza,38469
longaniza,38629
chicharron,17985
huevos revueltos,26480
longaniza,23738
papas,21902
papas,33296
huevos revueltos,38265
longaniza,25936
huevos revueltos,20781
huevos revueltos,30520
papas,16424
longaniza,17658
longaniza,31576
papas,21711
papas,39009
papas,25446
longaniza,19170
huevos revueltos,19302
chicharron,16272
papas,17932
chicharron,18675
chicharron,18901
papas,39690
papas,38402
papas,23926
papas,38135
huevos revueltos,25690
longaniza,34159
longaniza,32661
chicharron,34620
chicharron,34511
papas,28425
chicharron,33589
huevos revueltos,18450
longaniza,27776
chicharron,23327
longaniza,30262
chicharron,35342
chicharron,28644
chicharron,36524
chicharron,35901
chicharron,33688
papas,29613
papas,26354
chicharron,27452
papas,30274
huevos revueltos,30592
huevos revueltos,26471
chicharron,26307
longaniza,29684
chicharron,36986
longaniza,28335
longaniza,17785
chicharron,16670
papas,33050
longaniza,16560
longaniza,28128
chicharron,24391
longaniza,31850
longaniza,15956
longaniza,16280
chicharron,15362
longaniza,31193
chicharron,35527
longaniza,39795
papas,31023
chicharron,35167
longaniza,28987
chicharron,31986
huevos revueltos,16150
huevos revueltos,31763
longaniza,21004
chicharron,26557
huevos revueltos,19580
huevos revueltos,34086
longaniza,18821
papas,26091
huevos revueltos,19368
papas,22117
papas,32419
chicharron,34679
huevos revueltos,21028
chicharron,27425
longaniza,36582
papas,19805
longaniza,22192
huevos revueltos,39227
longaniza,19494
chicharron,32360
chicharron,26130
longaniza,17141
chicharron,38301
papas,21988
chicharron,21536
huevos revueltos,21387
papas,17650
longaniza,27783
huevos revueltos,29447
huevos revueltos,19191
chicharron,24482
longaniza,16860
huevos revueltos,37690
chicharron,18223
longaniza,26972
papas,20982
chicharron,25674
chicharron,25206
papas,26144
papas,31617
longaniza,20096
longaniza,28006
papas,25336
chicharron,37972
longaniza,30236
papas,29395
papas,20287
huevos revueltos,32922
papas,30681
huevos revueltos,34180
huevos revueltos,36750
huevos revueltos,27084
longaniza,22084
papas,30819
longaniza,38093
huevos revueltos,25630
huevos revueltos,27462
longaniza,26848
longaniza,17545
papas,33924
longaniza,21672
huevos revueltos,34675
longaniza,20631
huevos revueltos,17258
huevos revueltos,27054
chicharron,25030
huevos revueltos,32113
longaniza,20949
papas,31494
papas,27681
huevos revueltos,28830
papas,27107
longaniza,15366
chicharron,17390
longaniza,15806
huevos revueltos,25919
papas,39311
longaniza,34940
chicharron,24922
papas,25946
chicharron,22531
huevos revueltos,26430
chicharron,20345
longaniza,36440
chicharron,27037
chicharron,18253
longaniza,20970
longaniza,19765
huevos revueltos,17407
papas,18577
papas,34392
longaniza,30640
papas,17178
papas,19148
longaniza,31254
longaniza,29344
chicharron,25392
longaniza,27480
papas,24319
huevos revueltos,27861
chicharron,18648
longaniza,35398
huevos revueltos,39786
longaniza,28880
papas,17538
chicharron,29382
chicharron,32983
chicharron,23023
chicharron,27373
longaniza,18083
papas,21793
papas,22240
huevos revueltos,23056
chicharron,16169
longaniza,38282
huevos revueltos,21745
huevos revueltos,27816
huevos revueltos,31794
longaniza,37513
chicharron,26032
huevos revueltos,22694
chicharron,34435
huevos revueltos,23553
papas,22723
papas,30395
longaniza,24688
chicharron,18380
chicharron,28540
longaniza,34521
longaniza,30384
longaniza,22121
huevos revueltos,15008
chicharron,21849
chicharron,19648
huevos revueltos,34137
huevos revueltos,30649
papas,21412
chicharron,38762
longaniza,23018
longaniza,30380
papas,32760
longaniza,26907
huevos revueltos,24128
longaniza,29236
papas,33902
chicharron,15538
longaniza,15246
papas,18584
papas,34621
chicharron,20655
papas,36935
papas,16582
papas,15854
longaniza,26281
chicharron,28607
longaniza,37362
longaniza,30422
longaniza,16933
longaniza,23121
longaniza,27776
longaniza,21612
papas,31603
huevos revueltos,34987
huevos revueltos,25084
huevos revueltos,20239
papas,15457
longaniza,18751
papas,23790
papas,35832
huevos revueltos,23209
papas,28469
chicharron,27428
huevos revueltos,15651
huevos revueltos,36675
papas,38190
longaniza,19459
longaniza,37994
papas,34368
huevos revueltos,24346
huevos revueltos,16550
papas,22432
chicharron,26875
chicharron,21650
longaniza,24186
papas,22838
longaniza,37499
longaniza,39552
papas,21191
papas,18238
chicharron,28140
chicharron,23538
longaniza,25214
longaniza,21486
huevos revueltos,36200
papas,23394
longaniza,15739
huevos revueltos,20779
longaniza,32072
longaniza,35953
longaniza,23808
chicharron,33802
papas,23923
huevos revueltos,29905
huevos revueltos,28520
papas,16020
huevos revueltos,31553
longaniza,39244
huevos revueltos,30615
chicharron,33524
chicharron,18798
huevos revueltos,17553
chicharron,27107
papas,34592
chicharron,32782
chicharron,16421
longaniza,37825
papas,16738
longaniza,25833
longaniza,15071
chicharron,36034
papas,22093
longaniza,28626
papas,35252
chicharron,25695
chicharron,33477
chicharron,22787
chicharron,38701
chicharron,25962
huevos revueltos,20283
longaniza,36073
chicharron,15585
papas,35849
chicharron,22695
chicharron,18133
papas,23087
papas,26210
chicharron,29680
huevos revueltos,27861
longaniza,15121
chicharron,23398
huevos revueltos,31736
papas,23628
chicharron,25639
longaniza,28657
huevos revueltos,37350
huevos revueltos,35702
chicharron,22007
longaniza,21080
huevos revueltos,20210
longaniza,33726
papas,16492
longaniza,24682
longaniza,39463
huevos revueltos,31158
longaniza,19834
papas,25038
papas,31885
longaniza,28207
huevos revueltos,15333
chicharron,34677
papas,29628
chicharron,23679
chicharron,26877
longaniza,19630
papas,29113
huevos revueltos,39800
papas,30726
papas,32718
chicharron,24549
papas,16677
chicharron,21328
huevos revueltos,35677
papas,28949
huevos revueltos,15022
longaniza,17338
chicharron,20785
huevos revueltos,36775
huevos revueltos,29006
longaniza,27890
papas,29037
longaniza,24434
huevos revueltos,30634
chicharron,33330
papas,29666
chicharron,15045
papas,33205
huevos revueltos,34297
longaniza,29480
chicharron,31144
chicharron,38936
papas,32249
longaniza,20388
longaniza,26150
papas,20701
huevos revueltos,27306
chicharron,34219
huevos revueltos,22639
huevos revueltos,18396
longaniza,15281
longaniza,18390
chicharron,23968
chicharron,38795
chicharron,27239
huevos revueltos,35817
chicharron,35339
papas,19860
longaniza,31629
huevos revueltos,17795
papas,22664
huevos revueltos,21726
chicharron,25105
huevos revueltos,32955
chicharron,26492
huevos revueltos,15625
chicharron,31877
huevos revueltos,19679
papas,24291
huevos revueltos,39476
papas,33246
longaniza,24550
chicharron,19439
longaniza,39078
huevos revueltos,17484
papas,24989
papas,17733
chicharron,15056
chicharron,25984
huevos revueltos,15715
chicharron,32047
papas,29910
papas,18419
chicharron,24331
chicharron,37854
longaniza,18867
longaniza,34286
longaniza,36813
papas,23469
papas,39014
papas,19958
chicharron,15542
huevos revueltos,16674
papas,21153
papas,23780
chicharron,32185
longaniza,29536
chicharron,24958
huevos revueltos,37233
chicharron,22617
longaniza,23708
huevos revueltos,31969
chicharron,19610
papas,21044
huevos revueltos,37504
huevos revueltos,31606
huevos revueltos,28804
papas,27320
papas,25170
papas,15044
huevos revueltos,35473
huevos revueltos,19449
longaniza,23101
chicharron,37144
papas,26435
papas,22702
papas,30310
huevos revueltos,29183
papas,25780
longaniza,25799
papas,18916
longaniza,18889
longaniza,20055
huevos revueltos,31625
huevos revueltos,22423
chicharron,36030
papas,32376
papas,20783
huevos revueltos,39888
papas,30403
longaniza,35369
huevos revueltos,31160
papas,25265
huevos revueltos,38462
chicharron,23809
chicharron,34945
huevos revueltos,27068
huevos revueltos,21112
papas,15984
longaniza,18179
papas,17314
chicharron,25497
huevos revueltos,36205
chicharron,34690
longaniza,22631
longaniza,24852
chicharron,27046
huevos revueltos,26236
huevos revueltos,19101
longaniza,30808
huevos revueltos,18960
chicharron,34702
papas,27353
chicharron,24515
huevos revueltos,32729
chicharron,30594
chicharron,18395
longaniza,27635
papas,16143
huevos revueltos,28660
longaniza,27845
papas,17165
papas,34313
chicharron,15772
longaniza,25358
huevos revueltos,24112
longaniza,27556
chicharron,20808
longaniza,31388
papas,20882
papas,15463
papas,22228
papas,32273
longaniza,31721
longaniza,18589
papas,19224
chicharron,20995
huevos revueltos,19469
longaniza,23269
huevos revueltos,23602
chicharron,34601
papas,18546
longaniza,26055
papas,23371
papas,27213
huevos revueltos,34612
longaniza,15125
chicharron,35286
longaniza,38703
papas,28882
longaniza,30724
longaniza,15107
chicharron,38171
papas,37320
chicharron,31604
chicharron,31786
huevos revueltos,33066
longaniza,15460
chicharron,15479
chicharron,29300
longaniza,38950
huevos revueltos,26586
huevos revueltos,26837
chicharron,17024
huevos revueltos,35260
papas,19498
longaniza,23661
longaniza,28531
chicharron,17062
huevos revueltos,34019
longaniza,17851
chicharron,19481
longaniza,16364
huevos revueltos,17801
chicharron,35030
chicharron,25861
papas,35691
huevos revueltos,29351
huevos revueltos,33202
huevos revueltos,29695
longaniza,20459
longaniza,37070
chicharron,17750
huevos revueltos,37140
huevos revueltos,26785
huevos revueltos,25483
huevos revueltos,20042
chicharron,25515
papas,23180
papas,30641
longaniza,36389
papas,27899
papas,26526
huevos revueltos,17358
longaniza,28595
huevos revueltos,32746
chicharron,38608
papas,38642
papas,37588
huevos revueltos,27196
longaniza,29689
longaniza,26871
chicharron,33162
longaniza,18381
longaniza,20216
longaniza,16032
longaniza,25056
huevos revueltos,24175
huevos revueltos,23709
chicharron,28836
chicharron,18270
chicharron,23435
huevos revueltos,23700
longaniza,27837
huevos revueltos,25416
papas,18548
chicharron,30455
huevos revueltos,30682
huevos revueltos,19063
chicharron,39042
papas,24803
papas,26075
longaniza,39349
papas,29464
chicharron,15537
chicharron,38777
huevos revueltos,22031
chicharron,28554
chicharron,36076
chicharron,24736
huevos revueltos,22928
papas,36260
papas,37556
longaniza,18546
chicharron,39654
chicharron,30695
papas,27731
papas,38222
huevos revueltos,18118
huevos revueltos,34243
longaniza,33094
longaniza,29444
papas,20165
chicharron,16098
chicharron,29200
chicharron,33595
longaniza,15333
huevos revueltos,32689
huevos revueltos,16622
papas,38374
papas,27580
chicharron,28220
huevos revueltos,22477
longaniza,39794
longaniza,34767
chicharron,32039
papas,30989
chicharron,26989
chicharron,36836
papas,16464
longaniza,29728
longaniza,21593
papas,33665
chicharron,30672
chicharron,30495
chicharron,36273
chicharron,38561
longaniza,18250
longaniza,33302
chicharron,15006
papas,19851
huevos revueltos,28783
longaniza,36905
chicharron,26596
chicharron,34487
papas,21720
longaniza,21550
chicharron,21817
longaniza,24327
chicharron,16528
chicharron,27920
chicharron,30063
chicharron,36204
longaniza,33926
chicharron,38997
huevos revueltos,31003
huevos revueltos,28469
chicharron,22051
longaniza,15525
papas,24672
papas,30911
papas,39423
papas,21490
longaniza,15868
longaniza,21708
huevos revueltos,36872
chicharron,28146
papas,32686
papas,33759
longaniza,15785
papas,24077
chicharron,27679
huevos revueltos,26338
longaniza,26483
huevos revueltos,31578
huevos revueltos,30644
huevos revueltos,34728
chicharron,32026
chicharron,29089
huevos revueltos,21201
chicharron,39836
longaniza,38702
huevos revueltos,33039
huevos revueltos,35745
longaniza,15625
papas,15469
papas,31822
huevos revueltos,27178
longaniza,29005
papas,25177
chicharron,33638
chicharron,30507
chicharron,39595
longaniza,19279
huevos revueltos,29653
huevos revueltos,35572
longaniza,20089
huevos revueltos,31521
chicharron,24965
longaniza,23509
papas,24965
longaniza,35579
longaniza,24460
papas,25485
huevos revueltos,17759
chicharron,30641
chicharron,22456
longaniza,30714
papas,20536
chicharron,31659
papas,23848
chicharron,25672
chicharron,18776
huevos revueltos,26132
papas,31840
papas,26410
huevos revueltos,37876
chicharron,22832
chicharron,34607
papas,23185
chicharron,37166
huevos revueltos,33646
longaniza,26176
papas,28180
longaniza,34352
longaniza,19851
papas,17665
longaniza,25214
longaniza,36230
longaniza,15929
papas,31640
papas,15835
chicharron,36198
papas,16449
papas,39603
chicharron,20154
huevos revueltos,39365
chicharron,26758
chicharron,30153
huevos revueltos,36931
papas,24272
chicharron,22182
papas,18209
papas,30998
longaniza,16557
papas,28467
huevos revueltos,36486
papas,27838
chicharron,37944
longaniza,21668
huevos revueltos,25776
longaniza,22998
papas,28496
chicharron,35404
huevos revueltos,19318
longaniza,27347
papas,37590
huevos revueltos,19513
huevos revueltos,30390
papas,36714
huevos revueltos,36557
papas,37479
papas,26139
huevos revueltos,15671
chicharron,38442
papas,38993
papas,23238
huevos revueltos,17329
papas,19933
longaniza,29055
chicharron,19152
chicharron,22677
chicharron,26458
longaniza,33421
papas,31165
chicharron,38547
papas,32744
longaniza,24090
chicharron,28916
longaniza,36234
papas,38566
longaniza,29280
chicharron,28889
huevos revueltos,17152
huevos revueltos,22123
chicharron,15260
chicharron,23577
chicharron,19650
papas,22395
papas,17607
longaniza,39697
longaniza,16963
longaniza,18728
huevos revueltos,30173
longaniza,18442
chicharron,33227
huevos revueltos,33982
longaniza,23830
longaniza,36576
huevos revueltos,28067
papas,20692
longaniza,34013
papas,32168
chicharron,17542
longaniza,25276
huevos revueltos,20121
chicharron,37093
longaniza,28430
longaniza,26119
huevos revueltos,34431
chicharron,22396
longaniza,37743
longaniza,35870
chicharron,29482
chicharron,17127
chicharron,33365
chicharron,38429
papas,21653
huevos revueltos,19465
chicharron,39314
longaniza,28715
huevos revueltos,39698
papas,20343
huevos revueltos,35775
huevos revueltos,29321
papas,35177
papas,30262
chicharron,16897
longaniza,34717
huevos revueltos,30968
huevos revueltos,21323
huevos revueltos,18343
chicharron,20379
longaniza,28822
papas,25377
papas,30161
papas,15818
huevos revueltos,19738
huevos revueltos,27239
huevos revueltos,21957
huevos revueltos,28702
huevos revueltos,25401
papas,22839
longaniza,39613
longaniza,20126
papas,23222
papas,17491
huevos revueltos,18053
papas,19694
chicharron,24327
chicharron,25879
huevos revueltos,23059
huevos revueltos,19565
papas,32375
longaniza,32147
huevos revueltos,20904
huevos revueltos,37493
huevos revueltos,24181
papas,28334
papas,25148
chicharron,17540
papas,26190
longaniza,28624
longaniza,17501
chicharron,28401
chicharron,36662
huevos revueltos,31341
longaniza,20981
huevos revueltos,16060
longaniza,25912
longaniza,29600
chicharron,24619
papas,16957
papas,28103
longaniza,32751
longaniza,26645
papas,34836
papas,17102
chicharron,34239
longaniza,24283
longaniza,37995
longaniza,35351
huevos revueltos,29246
papas,18765
papas,15885
longaniza,38383
longaniza,35279
huevos revueltos,24182
chicharron,17244
chicharron,20339
longaniza,17710
chicharron,31337
huevos revueltos,32242
longaniza,27590
papas,38968
longaniza,16774
papas,35543
chicharron,17503
longaniza,32872
chicharron,19261
papas,22233
papas,37953
chicharron,26350
chicharron,19900
chicharron,29850
papas,16206
huevos revueltos,28695
chicharron,28882
huevos revueltos,30522
longaniza,35761
papas,15560
huevos revueltos,39413
chicharron,26386
longaniza,28748
huevos revueltos,29144
chicharron,15869
chicharron,26041
huevos revueltos,37549
chicharron,20105
longaniza,19130
longaniza,19586
papas,37414
huevos revueltos,36611
huevos revueltos,36377
longaniza,21054
longaniza,33517
papas,18965
papas,28632
papas,16610
longaniza,32364
huevos revueltos,29261
huevos revueltos,27994
huevos revueltos,29596
longaniza,32495
longaniza,37970
papas,30664
huevos revueltos,19353
huevos revueltos,29148
papas,21350
huevos revueltos,25298
longaniza,24178
papas,39716
papas,28152
huevos revueltos,23783
longaniza,34665
huevos revueltos,25519
longaniza,26257
huevos revueltos,33142
papas,28540
huevos revueltos,22267
huevos revueltos,31962
longaniza,26074
longaniza,16310
longaniza,19965
papas,22086
longaniza,31937
chicharron,22872
longaniza,24978
chicharron,17822
longaniza,21021
papas,18771
papas,17633
chicharron,16820
huevos revueltos,22598
papas,26952
papas,15202
chicharron,34050
huevos revueltos,25081
huevos revueltos,38067
chicharron,16150
longaniza,37491
longaniza,38428
huevos revueltos,22492
huevos revueltos,39624
huevos revueltos,39137
papas,16595
huevos revueltos,17301
papas,33248
huevos revueltos,37770
papas,30412
longaniza,21355
longaniza,35263
huevos revueltos,20919
papas,35020
longaniza,27621
chicharron,28728
huevos revueltos,22030
chicharron,36023
chicharron,32559
papas,38695
papas,31664
chicharron,36013
huevos revueltos,31036
longaniza,16027
longaniza,16104
papas,34596
longaniza,38099
chicharron,27065
chicharron,28781
papas,15175
longaniza,27761
chicharron,25835
chicharron,16231
longaniza,20761
longaniza,39233
chicharron,37009
chicharron,28816
papas,32727
huevos revueltos,22148
chicharron,33847
huevos revueltos,23779
huevos revueltos,39574
papas,16090
papas,37628
huevos revueltos,24003
papas,25094
huevos revueltos,24409
longaniza,17966
longaniza,35740
huevos revueltos,31616
huevos revueltos,18748
huevos revueltos,23989
huevos revueltos,28864
huevos revueltos,27720
longaniza,16995
longaniza,39563
chicharron,17304
papas,34782
chicharron,25013
longaniza,16858
huevos revueltos,23131
huevos revueltos,31322
chicharron,18905
longaniza,19590
chicharron,24860
chicharron,19845
longaniza,36123
huevos revueltos,28942
huevos revueltos,34085
chicharron,27775
longaniza,34510
papas,34692
chicharron,34867
chicharron,23184
longaniza,25832
chicharron,26252
papas,36831
chicharron,39709
huevos revueltos,37391
longaniza,36482
chicharron,26054
chicharron,16192
longaniza,32500
longaniza,39611
huevos revueltos,37969
papas,35587
longaniza,26924
longaniza,31288
longaniza,19753
papas,38503
chicharron,35824
chicharron,29095
huevos revueltos,21081
huevos revueltos,29931
papas,25096
chicharron,19280
chicharron,36925
longaniza,17758
papas,22211
huevos revueltos,36830
huevos revueltos,19168
huevos revueltos,22945
chicharron,16206
chicharron,18273
chicharron,33979
chicharron,33234
papas,26242
huevos revueltos,39184
papas,16781
longaniza,22705
huevos revueltos,27583
huevos revueltos,22897
huevos revueltos,33905
chicharron,36437
huevos revueltos,32108
huevos revueltos,18733
longaniza,22824
papas,17840
longaniza,35335
longaniza,17120
chicharron,33765
huevos revueltos,29285
huevos revueltos,31289
chicharron,21566
longaniza,18768
papas,27039
chicharron,33134
huevos revueltos,30504
longaniza,25910
longaniza,19896
chicharron,23233
huevos revueltos,24265
huevos revueltos,19720
longaniza,23754
papas,35708
papas,36895
chicharron,15743
longaniza,28542
longaniza,19568
chicharron,38928
longaniza,18338
papas,27682
longaniza,21915
papas,23747
huevos revueltos,16800
chicharron,35056
huevos revueltos,38566
huevos revueltos,15921
longaniza,19033
papas,15539
chicharron,29785
papas,26677
huevos revueltos,35645
papas,15587
longaniza,25502
huevos revueltos,26248
huevos revueltos,22932
papas,34529
